busy,boring
50.68,25.98
61.77,26.87
63.4,19.19
58.91,17.01
26.26,57.58
72.81,5.29
73.49,26.06
30.0,14.05
94.82,44.82
73.57,24.55
29.16,35.35
6.06,72.48
64.74,26.8
20.8,23.23
76.96,16.87
88.14,16.65
45.89,7.99
30.95,27.57
81.9,16.06
63.64,20.96
59.37,23.29
88.19,36.96
62.2,29.88
78.5,21.06
50.35,50.02
45.2,19.7
81.21,17.73
93.63,10.91
50.43,17.19
91.09,42.04
31.7,15.74
25.31,16.32
73.3,28.44
46.39,7.91
83.49,20.32
16.37,26.96
31.02,43.15
57.56,52.59
77.24,74.63
82.25,11.6
81.58,26.97
41.77,27.04
94.21,4.88
57.13,49.88
58.67,23.99
71.16,32.3
81.74,28.54
56.86,8.82
19.71,45.25
82.81,46.13
84.49,43.3
75.98,37.43
82.36,48.53
59.41,41.42
15.94,25.26
80.03,28.54
91.43,12.55
50.23,50.75
50.22,17.88
52.08,13.85
88.64,16.67
52.48,25.83
69.06,57.32
84.44,40.22
75.95,64.86
58.97,54.69
50.13,5.49
68.98,26.04
20.07,23.94
50.38,35.54
27.2,42.6
33.74,25.58
23.18,32.4
30.17,24.23
50.54,44.68
8.38,93.78
80.36,14.09
86.6,28.18
39.38,19.51
91.99,10.02
14.23,50.23
66.51,21.76
43.23,14.77
69.71,34.09
33.96,16.19
39.46,55.05
13.78,22.43
58.43,35.99
29.58,17.95
70.81,32.16
86.52,15.3
84.18,78.06
25.8,39.52
34.59,60.27
71.54,7.61
80.15,76.38
90.84,28.24
64.85,29.07
17.63,18.61
47.87,7.98
26.06,13.5
87.73,50.38
81.74,12.52
32.75,5.37
76.23,48.04
78.83,7.81
83.61,8.16
26.37,67.35
61.61,28.76
52.41,20.07
85.99,20.56
51.58,15.96
44.53,6.42
57.76,18.9
94.76,5.02
72.6,40.76
83.13,32.97
62.69,17.09
23.41,11.93
56.49,12.16
71.5,50.06
69.73,28.11
63.53,11.39
53.01,24.4
18.29,77.13
50.6,20.26
61.55,37.47
80.26,57.36
44.32,16.77
33.35,50.19
14.59,24.32
59.76,46.68
33.42,38.94
66.87,36.24
64.6,22.99
82.3,14.53
71.17,21.62
90.3,10.25
87.14,6.3
51.61,5.99
89.27,9.27
58.95,24.84
30.49,15.24
87.17,27.78
40.91,43.37
52.84,40.22
82.74,26.12
94.96,5.42
79.84,10.21
86.15,14.68
72.58,34.74
